<?xml version="1.0" encoding="utf-8"?>
<openerp>
<data>

        <record id="force_order_form_typ_new" model="ir.ui.view">
            <field name="name">force.sale.order.form</field>
            <field name="model">sale.order</field>
            <field name="inherit_id" ref="sale.view_order_form"/>
            <field name="arch" type="xml">
                <field name="company_id" position="after">
                    <button name="force_closing" states="progress" string="Cerrar Pedido Manualmente" type="object" icon="gtk-execute" class="oe_highlight" />
                </field>
            </field>
        </record>

</data>
</openerp>