<?xml version="1.0" encoding="utf-8"?>
<openerp>
<data>
        <record id="purchase_view_order_line_form_typ_new" model="ir.ui.view">
            <field name="name">purchase.order.line.form</field>
            <field name="model">purchase.order.line</field>
            <field name="inherit_id" ref="purchase.purchase_order_line_form"/>
            <field name="arch" type="xml">
                <field name="date_planned" position="after" >
                    <field name="special_sale" invisible="1"/>
                    <field name="ref_customer" attrs="{'invisible':[('special_sale','=',False)]}" readonly="1"/> 
                </field>
            </field>
        </record>

        <!-- HERENCIA DE COMPRAS -->
        <record id="purchase_view_order_form_typ_new" model="ir.ui.view">
            <field name="name">purchase.order.form</field>
            <field name="model">purchase.order</field>
            <field name="inherit_id" ref="purchase.purchase_order_form"/>
            <field name="arch" type="xml">
                <field name="order_line" position="replace">
                    <field name="order_line">
                        <tree string="Purchase Order Lines" >
                            <field name="product_id" on_change="onchange_product_id(parent.pricelist_id,product_id,0,False,parent.partner_id, parent.date_order,parent.fiscal_position,date_planned,name,price_unit,context)"/>
                            <field name="name"/>
                            <field name="date_planned"/>
                            <field name="company_id" groups="base.group_multi_company" widget="selection"/>
                            <field name="account_analytic_id" groups="purchase.group_analytic_accounting" domain="[('type','not in',('view','template'))]"/>
                            <field name="product_qty" on_change="onchange_product_id(parent.pricelist_id,product_id,product_qty,product_uom,parent.partner_id,parent.date_order,parent.fiscal_position,date_planned,name,price_unit,context)"/>
                            <field name="product_uom" groups="product.group_uom" on_change="onchange_product_uom(parent.pricelist_id,product_id,product_qty,product_uom,parent.partner_id, parent.date_order,parent.fiscal_position,date_planned,name,price_unit,context)"/>
                            <field name="price_unit"/>
                            <field name="taxes_id" widget="many2many_tags" domain="[('parent_id','=',False),('type_tax_use','!=','sale')]"/>
                            <field name="price_subtotal"/>
                        </tree>
                    </field>
                </field>


            </field>
        </record>



</data>
</openerp>