<?xml version="1.0" encoding="utf-8"?>
<openerp>
    <data>

        <record id="view_invoice_form_factura_rml_typ" model="ir.ui.view">
            <field name="name">account.invoice.form.rml</field>
            <field name="model">account.invoice</field>
            <field name="type">form</field>
            <field name="inherit_id" ref="account.invoice_form"/>
            <field name="arch" type="xml">
				<field name="state" position="before">
					<button name="print_factura_rml"  string="Imprimir Factura RML" type="object" icon="gtk-execute"/>
					<!-- 
					- object : Ejecutar una funcion de la clase.
					- action: Ejecutan una accion de ventana.
					- workflow: Ejecutan Transiciones de Estado.
					- special: Cerrar las ventanas.
					-->
				</field>
            </field>
        </record>

    </data>
</openerp>