<?xml version="1.0" encoding="utf-8"?>
<openerp>
    <data>

        <!--======================FORM VIEW =======================-->
        <record id="consult_export_csv_excel_form" model="ir.ui.view">
            <field name="name">consult.export.csv.excel.form</field>
            <field name="model">consult.export.csv.excel</field>
            <field name="type">form</field>
            <field name="arch" type="xml">
                <form string="Exportar a Excel/CSV" version="7.0">
                    <header>
                        <field name="datas_fname" invisible="1" />
                        <field name="download_file" invisible="1" />
                    </header>
                    <sheet attrs="{'invisible':[('download_file','=',True)]}">
                        <separator colspan="4" string="Presiona Exportar para Generar el Reporte y Selecciona el Tipo de Salida"/>
                        <group>
                            <field name="type" />
                        </group>
                        
                    </sheet>
                    <sheet attrs="{'invisible':[('download_file','=',False)]}">
                        <div >
                            <h2>Generacion Completa</h2>
                            <p>Descarga el Documento: <field name="file" readonly="1" filename="datas_fname"/></p>
                            <p> Documento Generado dependiendo la seleccion (CSV - .csv, Excel - .xlsx) y Codificado<strong>Unicode/UTF-8</strong></p> 
                        </div>
                    </sheet>
                    <footer attrs="{'invisible':[('download_file','=',False)]}">
                        <center>
                            
                            <button string="Cerrar" special="cancel"  icon="gtk-cancel" class="oe_highlight"/>
                        </center>
                    </footer>
                    <footer attrs="{'invisible':[('download_file','=',True)]}">
                        <center>
                            <button name="process_export" string="Exportar" type="object"  icon="gtk-execute"/>
                            o
                            <button string="Cancelar" class="oe_link" special="cancel" icon="gtk-cancel"/>
                        </center>
                    </footer>
                </form>
                </field>
            </record>


        <!--=================ACCION ASISTENTE==================-->
        <act_window
            name="Exportar a Excel/CSV"
            res_model="consult.export.csv.excel"
            src_model="consult.table.partner"
            view_mode="form" target="new"
            key2="client_action_multi"
            id="action_consult_export"/>



    </data>
</openerp>