<?xml version="1.0" encoding="utf-8"?>
<openerp>
    <data>

        <!--======================FORM VIEW =======================-->
        <record id="wizard_consult_partner_form" model="ir.ui.view">
            <field name="name">wizard.consult.invoices.form</field>
            <field name="model">wizard.consult.invoices</field>
            <field name="type">form</field>
            <field name="arch" type="xml">
                <form string="Asistente de Consulta" version="7.0">
                        <separator string="Ingresa el Cliente para la Consulta" />
                        <group>
                            <field name="partner_id" />
                        </group>
                        <separator string="Periodo de Evaluacion" />
                        <group col="4">
                            <field name="start_date" />
                            <field name="end_date" />
                            <field name="no_pdf" />
                        </group>
                        
                        <group col="4" colspan="2">
                            <button special="cancel" string="_Cancelar" type="object" icon="gtk-cancel"/>
                            <button name="process" string="Generar Reporte" type="object" icon="gtk-execute" />
                        </group>
                    </form>
                </field>
            </record>


        <!--=================ACCION ASISTENTE==================-->
        <act_window
            name="Consulta de Facturas Cliente"
            res_model="wizard.consult.invoices"
            src_model="account.invoice"
            view_mode="form" target="new"
            key2="client_action_multi"
            id="action_consult_invoice"/>


        <!--=========== MENU ============-->
        <menuitem action="action_consult_invoice" id="menu_wizard_consult_partner" parent="account.menu_finance_receivables" sequence="100" />


    </data>
</openerp>